keyword,volume,kd,cpc,intent,cluster,quelle
checkfox service gmbh,3600,,13.45,navigational,b-portal-alternativen,dataforseo:ranked_keywords DE/de 2026-09-26
checkfox,1900,,12.1,navigational,b-portal-alternativen,dataforseo:ranked_keywords DE/de 2026-09-26
wordpress agentur,1000,44,19.91,commercial,g-wordpress-direkt,dataforseo:keyword_overview DE/de 2026-09-26
e3 new energy,1000,8,4.12,informational,b-portal-alternativen,dataforseo:ranked_keywords DE/de 2026-09-26
webdesign hannover,880,15,6.72,commercial,e-local,dataforseo:keyword_overview DE/de 2026-09-26
webdesigner hannover,880,15,6.72,navigational,e-local,dataforseo:keyword_overview DE/de 2026-09-26
website relaunch,720,,10.23,informational,g-wordpress-direkt,dataforseo:keyword_overview DE/de 2026-09-26
checkfox seriös,720,,7.65,informational,b-portal-alternativen,dataforseo:ranked_keywords DE/de 2026-09-26
wordpress seo,590,10,3.01,commercial,i-technisches-seo,dataforseo:keyword_overview DE/de 2026-09-26
wordpress wartung,590,11,11,informational,g-wordpress-direkt,dataforseo:keyword_overview DE/de 2026-09-26
checkfox erfahrungen,590,,5.86,informational,b-portal-alternativen,dataforseo:ranked_keywords DE/de 2026-09-26
conversion optimierung,480,11,10.38,commercial,j-conversion,dataforseo:keyword_overview DE/de 2026-09-26
server side tracking,480,,36.95,commercial,h-tracking,dataforseo:keyword_overview DE/de 2026-09-26
wordpress website erstellen lassen,480,33,16.25,commercial,g-wordpress-direkt,dataforseo:keyword_overview DE/de 2026-09-26
seo hannover,320,17,5.82,navigational,e-local,dataforseo:keyword_overview DE/de 2026-09-26
wordpress freelancer,320,,18.32,commercial,g-wordpress-direkt,dataforseo:keyword_overview DE/de 2026-09-26
landingpage erstellen lassen,260,,23.66,commercial,j-conversion,dataforseo:keyword_overview DE/de 2026-09-26
technisches seo,260,,5.23,commercial,i-technisches-seo,dataforseo:keyword_overview DE/de 2026-09-26
aroundhome kosten,210,27,3.4,commercial,b-portal-alternativen,dataforseo:keyword_overview DE/de 2026-09-26
pv leads,210,,26.32,transactional,a-money,dataforseo:keyword_overview DE/de 2026-09-26
wordpress entwickler,210,17,23.11,commercial,g-wordpress-direkt,dataforseo:keyword_overview DE/de 2026-09-26
photovoltaik leads,210,,26.32,transactional,a-money,dataforseo:ranked_keywords DE/de 2026-09-26
wordpress hilfe,170,60,12.75,informational,g-wordpress-direkt,dataforseo:keyword_overview DE/de 2026-09-26
checkfox solar,170,,15.42,navigational,b-portal-alternativen,dataforseo:ranked_keywords DE/de 2026-09-26
wordpress webdesigner,140,4,15.02,commercial,g-wordpress-direkt,dataforseo:keyword_overview DE/de 2026-09-26
tracking agentur,110,,13.32,navigational,h-tracking,dataforseo:keyword_overview DE/de 2026-09-26
wordpress experte,110,20,46.21,commercial,g-wordpress-direkt,dataforseo:keyword_overview DE/de 2026-09-26
ist checkfox seriös,110,,4.19,informational,b-portal-alternativen,dataforseo:ranked_keywords DE/de 2026-09-26
checkfox jobs,90,,0.49,navigational,b-portal-alternativen,dataforseo:ranked_keywords DE/de 2026-09-26
solar lead generation,90,,31.61,commercial,a-money,dataforseo:ranked_keywords DE/de 2026-09-26
solar leads,90,,31.61,transactional,a-money,dataforseo:ranked_keywords DE/de 2026-09-26
freelancer webentwickler,70,,11.6,informational,g-wordpress-direkt,dataforseo:keyword_overview DE/de 2026-09-26
white label webdesign,70,,5.53,commercial,d-white-label-agentur,dataforseo:keyword_overview DE/de 2026-09-26
wordpress agentur hannover,70,,6.92,commercial,e-local,dataforseo:keyword_overview DE/de 2026-09-26|dataforseo:ranked_keywords
anfragenfluss gmbh i kaufbereite und exklusive photovoltaik leads,70,,,commercial,a-money,dataforseo:ranked_keywords DE/de 2026-09-26
checkfox wärmepumpe,70,,19.29,transactional,b-portal-alternativen,dataforseo:ranked_keywords DE/de 2026-09-26
landingpage agentur,50,,7.77,commercial,j-conversion,dataforseo:keyword_overview DE/de 2026-09-26
ga4 tracking,40,,,informational,h-tracking,dataforseo:keyword_overview DE/de 2026-09-26
core web vitals optimieren,30,,,informational,i-technisches-seo,dataforseo:keyword_overview DE/de 2026-09-26
google ads agentur hannover,30,,,commercial,e-local,dataforseo:keyword_overview DE/de 2026-09-26
photovoltaik marketing,30,,7.57,commercial,a-money,dataforseo:keyword_overview DE/de 2026-09-26
solar leads kaufen,30,,29.85,transactional,a-money,dataforseo:keyword_overview DE/de 2026-09-26
website erstellen lassen hannover,30,41,17.2,navigational,e-local,dataforseo:keyword_overview DE/de 2026-09-26
wordpress ladezeit optimieren,30,,4.33,informational,i-technisches-seo,dataforseo:keyword_overview DE/de 2026-09-26
wordpress pagespeed optimierung,30,,,informational,i-technisches-seo,dataforseo:keyword_overview DE/de 2026-09-26
wordpress relaunch,30,,10.11,informational,g-wordpress-direkt,dataforseo:keyword_overview DE/de 2026-09-26
conversion tracking einrichten,20,47,,informational,h-tracking,dataforseo:keyword_overview DE/de 2026-09-26
wordpress entwickler freelancer,20,,,navigational,g-wordpress-direkt,dataforseo:keyword_overview DE/de 2026-09-26
consent mode v2 einrichten,10,,,informational,h-tracking,dataforseo:keyword_overview DE/de 2026-09-26
google tag manager freelancer,10,,,commercial,h-tracking,dataforseo:keyword_overview DE/de 2026-09-26
seo freelancer hannover,10,,,commercial,e-local,dataforseo:keyword_overview DE/de 2026-09-26
server side tracking einrichten,10,,32.48,informational,h-tracking,dataforseo:keyword_overview DE/de 2026-09-26
white label wordpress,10,58,,commercial,d-white-label-agentur,dataforseo:keyword_overview DE/de 2026-09-26
